cnes;nome_siaps;classificacao_proposta;equipes_distintas;competencias_observadas
0814725;UBS PORTAL SUDOESTE;UBS;2;4
2362198;POLICLINICA DA BELA VISTA;POLICLINICA;1;2
2362228;POLICLINICA DO CATOLE;POLICLINICA;1;2
2362236;POLICLINICA DA PALMEIRA;POLICLINICA;1;2
2362244;POLICLINICA DA LIBERDADE;POLICLINICA;1;2
2362252;POLICLINICA DR FRANCISCO PINTO;POLICLINICA;2;2
2362309;UBS RAIFF RAMALHO;UBS;4;4
2362317;UBS ADRIANA BEZERRA CARVALHO;UBS;5;4
2362325;UBS ADALBERTO CESAR;UBS;3;4
2362333;UBS JARDIM TAVARES;UBS;2;4
2362341;UBS INACIO MAYER;UBS;2;4
2362376;POLICLINICA DE SAO JOSE DA MATA;POLICLINICA;1;2
2362384;UBS FRANCISCO BRASILEIRO;UBS;1;4
2362392;UBS JOAO RIQUE;UBS;4;4
2362406;UBS ARGEMIRO DE FIGUEIREDO;UBS;2;4
2362600;UBS ODETE LEANDRO DE OLIVEIRA;UBS;1;4
2362627;UBS WILSON FURTADO;UBS;2;4
2362643;UBS NELY MAIA;UBS;1;4
2362651;UBS MUTIRAO;UBS;2;4
2362678;UBS TAMBOR I;UBS;2;4
2362686;UBS BAIRRO DAS CIDADES I;UBS;2;4
2362694;UBS CATOLE DE ZE FERREIRA;UBS;2;4
2362708;UBS TOTA AGRA;UBS;1;4
2362716;UBS JOCEL FECHINE;UBS;1;4
2362724;UBS DJALMA BARBOSA;UBS;1;4
2362732;UBS JARDIM CONTINENTAL;UBS;2;4
2362740;UBS ROSA MISTICA;UBS;1;4
2362759;UBS BENJAMIM B DA SILVA;UBS;3;4
2362767;UBS NOSSA SENHORA APARECIDA;UBS;2;4
2363038;UBS ANA CANTALICE;UBS;4;4
2595370;UBS BONALD FILHO;UBS;2;4
2595389;UBS ANTONIO AURELIO VENTURA;UBS;2;4
2595397;UBS RONALDO CUNHA LIMA;UBS;2;4
2595400;UBS HINDEMBURGO NUNES DE FIGUEIREDO;UBS;4;4
2595419;UBS RAIMUNDO CARNEIRO;UBS;3;4
2595427;UBS SAO JANUARIO II;UBS;1;4
2595435;UBS JOSE AURINO DE BARROS FILHO;UBS;3;4
2595443;UBS HORACINA DE ALMEIDA;UBS;2;4
2595451;UBS CRISOSTOMO LUCENA;UBS;4;4
2595478;UBS WESLEY CARIRY TARGINO;UBS;3;4
2612771;UBS BAIRRO DAS CIDADES II;UBS;2;4
2677725;UBS RICARDO AMORIM GUEDES;UBS;4;4
2792737;UBS CONCEICAO;UBS;2;4
2792745;UBS ESTREITO;UBS;1;4
2792753;UBS ANTONIO VIRGILIO BRASILEIRO SILVA;UBS;4;4
2792761;UBS SERRA DA BORBOREMA;UBS;1;4
2792788;UBS PAUS BRANCOS;UBS;1;4
2792796;UBS PORTEIRA DE PEDRA;UBS;1;4
2792818;UBS BEIJA FLOR ZONA RURAL I;UBS;1;4
2792826;UBS BEM TE VI ZONA RURAL II;UBS;1;4
2792834;UBS PARDAL ZONA RURAL III;UBS;1;4
2792842;UBS COLIBRI ZONA URBANA I;UBS;1;4
2792850;UBS SABIA ZONA URBANA II;UBS;1;4
2792869;UBS TAMBOR II;UBS;2;4
2792877;UBS VELAME;UBS;4;4
2975637;UBS WILSON FURTADO II ITARARE;UBS;1;4
2978296;UBS JOSE BEZERRA PIMENTEL;UBS;2;4
3537013;UBS PADRE HACHID ILO BESERRA;UBS;2;4
4237943;UBS ALICE MARIA RODRIGUES;UBS;1;4
4430301;UBS MARIA MARQUES DINIZ;UBS;2;4
4528077;UBS UFCG;UBS;1;4
4565185;UBS CANARIO;UBS;1;4
4565193;UBS LIBERDADE;UBS;2;4
5053129;UBS GALANTE;UBS;5;4
5053137;UBS ANA AMELIA VILAR CANTALICE;UBS;2;4
5053188;UBS ARAXA;UBS;1;4
5053226;UBS JEREMIAS II;UBS;2;4
5053242;UBS MONTE SANTO;UBS;2;4
5053250;UBS MALVINAS I;UBS;2;4
5053269;UBS MALVINAS III EQUIPE I;UBS;1;4
5053285;UBS MALVINAS II;UBS;2;4
5116279;UBS BODOCONGO;UBS;3;4
5116449;UBS PLINIO LEMOS;UBS;2;4
5116457;UBS CAMPOS SALES;UBS;1;4
5116465;UBS ANTONIO MESQUITA DE ALMEIDA;UBS;1;4
5131960;UBS JARDIM VERDEJANTE;UBS;2;4
5485754;UBS RESSURREICAO;UBS;2;4
5491215;UBS ESTACAO VELHA;UBS;2;4
5617332;UBS MARIA DAS GRACAS AGUIAR DRA GAU;UBS;1;4
5932416;UBS ROMUALDO BRITO DE FIGUEIREDO;UBS;3;4
5933900;UBS ANTONIO ARRUDA;UBS;1;4
5968976;UBS JARDIM QUARENTA;UBS;2;4
5968992;UBS NOVO HORIZONTE;UBS;2;4
6045340;UBS MALVINAS V;UBS;3;4
6050565;UBS GRANDE CAMPINA;UBS;1;4
6267939;UBS MARIA DE LOURDES LEONCIO;UBS;6;4
9222685;POLICLINICA ZONA LESTE;POLICLINICA;1;2
9338403;UBS BELA VISTA;UBS;1;4
9352880;UBS EDUARDO RAMOS;UBS;2;4
9352899;UBS ALUISIO SALVIANO DE FARIAS;UBS;2;4
9352902;UBS ANAILDA CARVALHO MARINHO;UBS;2;4
9352910;UBS LIBERDADE III;UBS;2;4
9352929;UBS NACOES;UBS;2;4
9352937;UBS NOVO ARAXA;UBS;2;4
9352945;UBS PALMEIRA;UBS;2;4
9360093;UBS MALVINAS IV;UBS;2;4
9387927;UBS SEVERINO DE SOUZA COSTA;UBS;2;4
9387935;UBS QUARENTA;UBS;2;4
